{"horizon":12,"priceSchema":[0.198,0.198,0.198,0.198,0.225,0.225,0.249,0.849,0.849,0.225,0.225,0.198],"agents":{"h10":{"neighbors":["h1","h2","h3","h4","h5","h6","h7","h8","h9","h11","h12","h13","h14","h15","h16","h17","h18","h19","h20","h21"],"backgroundLoad":[0.17491274789636765,0.20458541707063202,0.2564194865596992,0.02383509053211078,0.24710703378043875,0.1973826921290313,0.15434748210766394,0.2509557952723691,0.05445120022116012,0.01828314623130187,0.12718957071114803,0.08739657940353575],"houseType":0,"rules":["1 water_tank water_temp geq 22 after 9","0 water_tank water_temp geq 10","0 water_tank water_temp leq 50","1 Tesla_S charge geq 52 before 7","0 Tesla_S charge geq 0","0 Tesla_S charge leq 100","1 Kenmore_665.13242K900 dish_wash geq 60 after 6","0 Kenmore_665.13242K900 dish_wash geq 0","0 Kenmore_665.13242K900 dish_wash leq 60","1 Kenmore_790.91312013 bake eq 120 before 10","0 Kenmore_790.91312013 bake geq 0","0 Kenmore_790.91312013 bake leq 120"]},"h21":{"neighbors":["h1","h2","h3","h4","h5","h6","h7","h8","h9","h10","h11","h12","h13","h14","h15","h16","h17","h18","h19","h20"],"backgroundLoad":[0.18427162861764096,0.2659720671336224,0.26651532084019075,0.17541140599812516,0.0843329655401224,0.11388885558817734,0.02739271951131649,0.15538496636765023,0.21677411899506277,0.26604512930255986,0.20043993007189462,0.2313258865104977],"houseType":0,"rules":["1 Kenmore_665.13242K900 dish_wash geq 45 at 5","0 Kenmore_665.13242K900 dish_wash geq 0","0 Kenmore_665.13242K900 dish_wash leq 60","1 Tesla_S charge geq 65 at 10","0 Tesla_S charge geq 0","0 Tesla_S charge leq 100","1 water_tank water_temp gt 22 before 3","0 water_tank water_temp geq 10","0 water_tank water_temp leq 50","1 Kenmore_790.91312013 bake eq 120 at 6","0 Kenmore_790.91312013 bake geq 0","0 Kenmore_790.91312013 bake leq 120"]},"h20":{"neighbors":["h1","h2","h3","h4","h5","h6","h7","h8","h9","h10","h11","h12","h13","h14","h15","h16","h17","h18","h19","h21"],"backgroundLoad":[0.201103832526329,0.15585367324246283,0.15861285753035514,0.18573910391789497,0.09574109082380369,0.16655327691375554,0.28697984814958033,0.27111892933360693,0.03283394591958189,0.23759653614485393,0.06074086853313395,0.1389868335918432],"houseType":0,"rules":["1 Tesla_S charge gt 56 before 7","0 Tesla_S charge geq 0","0 Tesla_S charge leq 100","1 water_tank water_temp geq 21 at 2","0 water_tank water_temp geq 10","0 water_tank water_temp leq 50","1 Kenmore_665.13242K900 dish_wash geq 60 at 9","0 Kenmore_665.13242K900 dish_wash geq 0","0 Kenmore_665.13242K900 dish_wash leq 60","1 Kenmore_790.91312013 bake eq 60 after 4","0 Kenmore_790.91312013 bake geq 0","0 Kenmore_790.91312013 bake leq 60"]},"h12":{"neighbors":["h1","h2","h3","h4","h5","h6","h7","h8","h9","h10","h11","h13","h14","h15","h16","h17","h18","h19","h20","h21"],"backgroundLoad":[0.0026706653492849395,0.1242317763007717,0.27992697844475484,0.10606607405952906,0.2830266989949097,0.1575882031647727,0.07191549549939588,0.0971428775543377,0.20976567419630207,0.09139904940613497,0.2097679399032422,0.06839620960179102],"houseType":0,"rules":["1 Tesla_S charge geq 54 before 7","0 Tesla_S charge geq 0","0 Tesla_S charge leq 100","1 Kenmore_790.91312013 bake eq 120 within 4 6","0 Kenmore_790.91312013 bake geq 0","0 Kenmore_790.91312013 bake leq 120","1 Kenmore_665.13242K900 dish_wash geq 45 within 6 8","0 Kenmore_665.13242K900 dish_wash geq 0","0 Kenmore_665.13242K900 dish_wash leq 60","1 water_tank water_temp geq 39 before 7","0 water_tank water_temp geq 10","0 water_tank water_temp leq 50"]},"h1":{"neighbors":["h2","h3","h4","h5","h6","h7","h8","h9","h10","h11","h12","h13","h14","h15","h16","h17","h18","h19","h20","h21"],"backgroundLoad":[0.07843466990164903,0.20302943026819564,0.23738421445111252,0.12810765597380827,0.2848279643665919,0.23157206199300656,0.16170752169643446,0.14398489680184753,0.17762511529181832,0.10131889594516914,0.23119601312349097,0.10249275997650631],"houseType":0,"rules":["1 water_tank water_temp geq 19 within 10 11","0 water_tank water_temp geq 10","0 water_tank water_temp leq 50","1 Kenmore_665.13242K900 dish_wash geq 45 before 4","0 Kenmore_665.13242K900 dish_wash geq 0","0 Kenmore_665.13242K900 dish_wash leq 60","1 Kenmore_790.91312013 bake eq 75 before 7","0 Kenmore_790.91312013 bake geq 0","0 Kenmore_790.91312013 bake leq 75","1 Tesla_S charge gt 55 at 10","0 Tesla_S charge geq 0","0 Tesla_S charge leq 100"]},"h11":{"neighbors":["h1","h2","h3","h4","h5","h6","h7","h8","h9","h10","h12","h13","h14","h15","h16","h17","h18","h19","h20","h21"],"backgroundLoad":[0.21912210139167604,0.20989254094035678,0.18127000350699773,0.12212262378529497,0.1657989211249546,0.16075084063834563,0.274757350446339,0.1706696554459007,0.05665499826152795,0.033515212673816,0.08967439547376445,0.2984738265674106],"houseType":0,"rules":["1 Kenmore_665.13242K900 dish_wash geq 60 within 6 10","0 Kenmore_665.13242K900 dish_wash geq 0","0 Kenmore_665.13242K900 dish_wash leq 60","1 water_tank water_temp gt 22 at 4","0 water_tank water_temp geq 10","0 water_tank water_temp leq 50","1 Tesla_S charge gt 53 before 11","0 Tesla_S charge geq 0","0 Tesla_S charge leq 100","1 Kenmore_790.91312013 bake eq 75 at 4","0 Kenmore_790.91312013 bake geq 0","0 Kenmore_790.91312013 bake leq 75"]},"h2":{"neighbors":["h1","h3","h4","h5","h6","h7","h8","h9","h10","h11","h12","h13","h14","h15","h16","h17","h18","h19","h20","h21"],"backgroundLoad":[0.04424944440300348,0.19973222763692736,0.03349615949750825,0.11526149569550657,0.20648622287273344,0.11565597336854577,0.09674570779575281,0.051324166591279675,0.060258142444909346,0.0718649767824809,0.1920928275167442,0.190641029044451],"houseType":0,"rules":["1 Tesla_S charge gt 54 at 7","0 Tesla_S charge geq 0","0 Tesla_S charge leq 100","1 Kenmore_790.91312013 bake eq 120 within 5 8","0 Kenmore_790.91312013 bake geq 0","0 Kenmore_790.91312013 bake leq 120","1 water_tank water_temp geq 22 before 5","0 water_tank water_temp geq 10","0 water_tank water_temp leq 50","1 Kenmore_665.13242K900 dish_wash geq 45 at 5","0 Kenmore_665.13242K900 dish_wash geq 0","0 Kenmore_665.13242K900 dish_wash leq 60"]},"h14":{"neighbors":["h1","h2","h3","h4","h5","h6","h7","h8","h9","h10","h11","h12","h13","h15","h16","h17","h18","h19","h20","h21"],"backgroundLoad":[0.2850585090278694,0.19875371352789012,0.021399249640601224,0.2352824378127448,0.19734658367227853,0.02582826594528097,0.18014948779104403,0.2684834991875636,0.11353363930083804,0.008291415096800325,0.13578336185692744,0.15421590306098457],"houseType":1,"rules":["1 Tesla_S charge gt 52 at 8","0 Tesla_S charge geq 0","0 Tesla_S charge leq 100","1 Kenmore_790.91312013 bake eq 150 at 4","0 Kenmore_790.91312013 bake geq 0","0 Kenmore_790.91312013 bake leq 150","1 Kenmore_665.13242K900 dish_wash geq 45 after 1","0 Kenmore_665.13242K900 dish_wash geq 0","0 Kenmore_665.13242K900 dish_wash leq 60","1 water_tank water_temp geq 22 after 6","0 water_tank water_temp geq 10","0 water_tank water_temp leq 50"]},"h3":{"neighbors":["h1","h2","h4","h5","h6","h7","h8","h9","h10","h11","h12","h13","h14","h15","h16","h17","h18","h19","h20","h21"],"backgroundLoad":[0.27279275284579735,0.1821075889903853,0.052890875161236514,0.2441444852113684,0.11756528321385351,0.12980618495261675,0.036768149898590376,0.19276597713392962,0.047567120740975355,0.1213899343459629,0.08077083019607095,0.19503269249482005],"houseType":1,"rules":["1 Tesla_S charge geq 52 after 5","0 Tesla_S charge geq 0","0 Tesla_S charge leq 100","1 Kenmore_665.13242K900 dish_wash geq 60 within 9 11","0 Kenmore_665.13242K900 dish_wash geq 0","0 Kenmore_665.13242K900 dish_wash leq 60","1 water_tank water_temp geq 15 before 11","0 water_tank water_temp geq 10","0 water_tank water_temp leq 50","1 Kenmore_790.91312013 bake eq 150 after 7","0 Kenmore_790.91312013 bake geq 0","0 Kenmore_790.91312013 bake leq 150"]},"h13":{"neighbors":["h1","h2","h3","h4","h5","h6","h7","h8","h9","h10","h11","h12","h14","h15","h16","h17","h18","h19","h20","h21"],