{"horizon":12,"priceSchema":[0.198,0.198,0.198,0.198,0.225,0.225,0.249,0.849,0.849,0.225,0.225,0.198],"agents":{"h1":{"neighbors":["h2","h3","h4","h5","h6","h7"],"backgroundLoad":[0.26007586492077756,0.0432087870582407,0.04285817181224363,0.06898207003242843,0.18700085555929516,0.0016319188197145061,0.2596262811144725,0.1440751395581962,0.20579259376989176,0.09057113309157888,0.168717011379326,0.1090485048619685],"houseType":0,"rules":["1 GE_WSM2420D3WW laundry_dry geq 45 within 6 9","0 GE_WSM2420D3WW laundry_dry geq 0","0 GE_WSM2420D3WW laundry_dry leq 60","1 room cleanliness gt 67 within 5 7","0 room cleanliness geq 0","0 room cleanliness leq 100"]},"h2":{"neighbors":["h1","h3","h4","h5","h6","h7"],"backgroundLoad":[0.036753726072854376,0.15513097896094472,0.2774456107319797,0.08479979372224188,0.2902565839267753,0.24862606105969492,0.10243571328248015,0.22997877307176853,0.2385379006333163,0.04894212279342814,0.08623464232320954,0.25132819739834783],"houseType":0,"rules":["1 GE_WSM2420D3WW laundry_dry geq 60 at 3","0 GE_WSM2420D3WW laundry_dry geq 0","0 GE_WSM2420D3WW laundry_dry leq 60","1 room cleanliness geq 69 within 8 10","0 room cleanliness geq 0","0 room cleanliness leq 100"]},"h3":{"neighbors":["h1","h2","h4","h5","h6","h7"],"backgroundLoad":[0.13296666217942757,0.04363177275018044,0.058697768341460364,0.25474596702978664,0.0687791644939921,0.24854685746965038,0.15089665631462149,0.07605883561406451,0.011209872879124705,0.22723367003394418,0.058970291267894534,0.2960717374707026],"houseType":0,"rules":["1 GE_WSM2420D3WW laundry_dry geq 45 at 8","0 GE_WSM2420D3WW laundry_dry geq 0","0 GE_WSM2420D3WW laundry_dry leq 60","1 room cleanliness gt 66 before 9","0 room cleanliness geq 0","0 room cleanliness leq 100"]},"h4":{"neighbors":["h1","h2","h3","h5","h6","h7"],"backgroundLoad":[0.045609977857059954,0.2995613657240248,0.08277481075673235,0.17534051167116313,0.18765099012295636,0.0906176070181916,0.22721360050131056,0.2903403600919262,0.14767178920273397,0.15666792989715206,0.24962259975613357,0.2206374428305146],"houseType":1,"rules":["1 room cleanliness gt 66 before 10","0 room cleanliness geq 0","0 room cleanliness leq 100","1 GE_WSM2420D3WW laundry_dry geq 60 before 4","0 GE_WSM2420D3WW laundry_dry geq 0","0 GE_WSM2420D3WW laundry_dry leq 60"]},"h5":{"neighbors":["h1","h2","h3","h4","h6","h7"],"backgroundLoad":[0.06964753546964972,0.20214678841667919,0.001997095026173956,0.10140183210242769,0.1060396436331339,0.06480826982071775,0.18490978437926747,0.13131589577243066,0.29938172396021917,0.023139215248170395,0.10167374591716914,0.025529041690647614],"houseType":1,"rules":["1 room cleanliness gt 71 before 8","0 room cleanliness geq 0","0 room cleanliness leq 100","1 GE_WSM2420D3WW laundry_dry geq 60 within 9 10","0 GE_WSM2420D3WW laundry_dry geq 0","0 GE_WSM2420D3WW laundry_dry leq 60"]},"h6":{"neighbors":["h1","h2","h3","h4","h5","h7"],"backgroundLoad":[0.08926194902324959,0.17486306152257633,0.2730851770109978,0.10372883971217928,0.19710096357289242,0.026856327195629335,0.03449332150440238,0.1526272733895259,0.19932635426295672,0.1965738975680243,0.2688787423274644,0.06618281889694827],"houseType":2,"rules":["1 GE_WSM2420D3WW laundry_dry geq 45 after 3","0 GE_WSM2420D3WW laundry_dry geq 0","0 GE_WSM2420D3WW laundry_dry leq 60","1 room cleanliness gt 76 at 10","0 room cleanliness geq 0","0 room cleanliness leq 100"]},"h7":{"neighbors":["h1","h2","h3","h4","h5","h6"],"backgroundLoad":[0.1886698993780111,0.24811162085709995,0.24172100359146664,0.24936808055282722,0.25758870939612366,0.2389881538294007,0.18300063540043282,0.11914231213823506,0.11621327579171231,0.10853258651251367,0.11002614109304683,0.005883698645159863],"houseType":2,"rules":["1 room cleanliness gt 55 after 4","0 room cleanliness geq 0","0 room cleanliness leq 100","1 GE_WSM2420D3WW laundry_dry geq 45 at 10","0 GE_WSM2420D3WW laundry_dry geq 0","0 GE_WSM2420D3WW laundry_dry leq 60"]}}}