{"horizon":12,"priceSchema":[0.198,0.198,0.198,0.198,0.225,0.225,0.249,0.849,0.849,0.225,0.225,0.198],"agents":{"h10":{"neighbors":["h1","h2","h3","h4","h5","h6","h7","h8","h9","h11","h12","h13"],"backgroundLoad":[0.07209822387947269,0.06252733726545921,0.12905066018296504,0.203355767922828,0.09315631417230674,0.055380522612234716,0.08873583548597438,0.24584984233019452,0.2227398185087625,0.2882780801821738,0.01840455295834098,0.19979618044581443],"houseType":0,"rules":["1 room temperature_heat geq 23 before 6","0 room temperature_heat geq 0","0 room temperature_heat leq 33","1 LG_WM2016CW laundry_wash geq 60 before 5","0 LG_WM2016CW laundry_wash geq 0","0 LG_WM2016CW laundry_wash leq 60"]},"h12":{"neighbors":["h1","h2","h3","h4","h5","h6","h7","h8","h9","h10","h11","h13"],"backgroundLoad":[0.08490665041719465,0.01259665990543195,0.10109724925784447,0.11531685430939226,0.16845904985374308,0.16603656100625566,0.14977974009557304,0.1896064890350469,0.23580388851053397,0.25817799455708695,0.19020697859112715,0.07633864021788685],"houseType":0,"rules":["1 room temperature_heat geq 19 before 9","0 room temperature_heat geq 0","0 room temperature_heat leq 33","1 LG_WM2016CW laundry_wash geq 45 at 3","0 LG_WM2016CW laundry_wash geq 0","0 LG_WM2016CW laundry_wash leq 60"]},"h1":{"neighbors":["h2","h3","h4","h5","h6","h7","h8","h9","h10","h11","h12","h13"],"backgroundLoad":[0.1950812639678827,0.256587107375773,0.0036473245959175223,0.10082156695343876,0.2178333049305685,0.16814806125958723,0.24032642950091865,0.25119798016866507,0.06693879286349487,0.033544143991853,0.022162652081730284,0.19324523796646884],"houseType":0,"rules":["1 LG_WM2016CW laundry_wash geq 60 within 3 10","0 LG_WM2016CW laundry_wash geq 0","0 LG_WM2016CW laundry_wash leq 60","1 room temperature_heat geq 23 at 7","0 room temperature_heat geq 0","0 room temperature_heat leq 33"]},"h11":{"neighbors":["h1","h2","h3","h4","h5","h6","h7","h8","h9","h10","h12","h13"],"backgroundLoad":[0.11819782858713229,0.2900260869987408,0.24225214682009488,0.14894428696999537,0.12766331690612218,0.04800321019491031,0.28804668634108677,0.2585206033667185,0.10457162262719914,0.1645768055486365,0.16771774301602624,0.20977434669490877],"houseType":0,"rules":["1 room temperature_heat gt 24 after 9","0 room temperature_heat geq 0","0 room temperature_heat leq 33","1 LG_WM2016CW laundry_wash geq 45 at 11","0 LG_WM2016CW laundry_wash geq 0","0 LG_WM2016CW laundry_wash leq 60"]},"h2":{"neighbors":["h1","h3","h4","h5","h6","h7","h8","h9","h10","h11","h12","h13"],"backgroundLoad":[0.2303836411864908,0.2799977771624859,0.18334312662374921,0.029116732073109927,0.1583752490706968,0.0469866686197065,0.2669057101674315,0.17060782671639432,0.10863533078562075,0.2217032468966619,0.13432936906243212,0.16483305273264287],"houseType":0,"rules":["1 LG_WM2016CW laundry_wash geq 45 at 6","0 LG_WM2016CW laundry_wash geq 0","0 LG_WM2016CW laundry_wash leq 60","1 room temperature_heat gt 22 before 4","0 room temperature_heat geq 0","0 room temperature_heat leq 33"]},"h3":{"neighbors":["h1","h2","h4","h5","h6","h7","h8","h9","h10","h11","h12","h13"],"backgroundLoad":[0.0654744372797365,0.008983488238160064,0.23060451729038953,0.2530081301185889,0.08934693822464576,0.2701454465540163,0.16935374885551885,0.1792962772685425,0.1735816253305824,0.129812687987547,0.14643288739357604,0.1170975989757536],"houseType":1,"rules":["1 LG_WM2016CW laundry_wash geq 45 after 3","0 LG_WM2016CW laundry_wash geq 0","0 LG_WM2016CW laundry_wash leq 60","1 room temperature_heat geq 20 after 5","0 room temperature_heat geq 0","0 room temperature_heat leq 33"]},"h13":{"neighbors":["h1","h2","h3","h4","h5","h6","h7","h8","h9","h10","h11","h12"],"backgroundLoad":[0.2485589268762028,0.09189018661702754,0.2668766793396508,0.23578483548692,0.0921245751064131,0.06247224262868953,0.16765018520437117,0.18491078548520073,0.10058382561572189,0.2103206046834495,0.24981932663951215,0.13367877283849086],"houseType":1,"rules":["1 room temperature_heat geq 23 after 8","0 room temperature_heat geq 0","0 room temperature_heat leq 33","1 LG_WM2016CW laundry_wash geq 60 before 10","0 LG_WM2016CW laundry_wash geq 0","0 LG_WM2016CW laundry_wash leq 60"]},"h4":{"neighbors":["h1","h2","h3","h5","h6","h7","h8","h9","h10","h11","h12","h13"],"backgroundLoad":[0.20874398561970217,0.042206073309863534,0.0774193068687906,0.060341232298888076,0.11337006664382586,0.15002144908298873,0.06132526717064471,0.2884927194915997,0.15964651417222153,0.08455071735659064,0.07307484504812771,0.2609376985310251],"houseType":1,"rules":["1 LG_WM2016CW laundry_wash geq 60 within 10 11","0 LG_WM2016CW laundry_wash geq 0","0 LG_WM2016CW laundry_wash leq 60","1 room temperature_heat geq 20 after 9","0 room temperature_heat geq 0","0 room temperature_heat leq 33"]},"h5":{"neighbors":["h1","h2","h3","h4","h6","h7","h8","h9","h10","h11","h12","h13"],"backgroundLoad":[0.01774155829210946,0.2790079749277587,0.1260991479833191,0.14116306297395823,0.052867555344518556,0.14828657176272408,0.011445416199296565,0.2937638643659669,0.1167229741470654,0.16557309527788192,0.16504029061548714,0.1129747454534888],"houseType":1,"rules":["1 LG_WM2016CW laundry_wash geq 60 within 3 5","0 LG_WM2016CW laundry_wash geq 0","0 LG_WM2016CW laundry_wash leq 60","1 room temperature_heat geq 20 within 5 8","0 room temperature_heat geq 0","0 room temperature_heat leq 33"]},"h6":{"neighbors":["h1","h2","h3","h4","h5","h7","h8","h9","h10","h11","h12","h13"],"backgroundLoad":[0.23237527605642277,0.06007720415175549,0.15615278284722958,0.15696931140209666,0.26378170400350454,0.14166732056379008,0.1316798643096543,0.05167807826658217,0.02537950308675002,0.29848127319404044,0.17825638834284815,0.10287798451900226],"houseType":2,"rules":["1 room temperature_heat geq 22 within 8 10","0 room temperature_heat geq 0","0 room temperature_heat leq 33","1 LG_WM2016CW laundry_wash geq 45 at 3","0 LG_WM2016CW laundry_wash geq 0","0 LG_WM2016CW laundry_wash leq 60"]},"h7":{"neighbors":["h1","h2","h3","h4","h5","h6","h8","h9","h10","h11","h12","h13"],"backgroundLoad":[0.1869420561005156,0.22189054243871126,0.2448974525425273,0.2651945858628816,0.2990686328271547,0.021286081464591,0.0181279647080376,0.21836691118452348,0.0869308960531355,0.25069165399481463,0.09296728617070663,0.29323519717349783],"houseType":2,"rules":["1 room temperature_heat gt 22 at 3","0 room temperature_heat geq 0","0 room temperature_heat leq 33","1 LG_WM2016CW laundry_wash geq 45 after 7","0 LG_WM2016CW laundry_wash geq 0","0 LG_WM2016CW laundry_wash leq 60"]},"h8":{"neighbors":["h1","h2","h3","h4","h5","h6","h7","h9","h10","h11","h12","h13"],"backgroundLoad":[0.11917829725752777,0.2138210070688254,0.06964107465458987,0.2054204261773256,0.049186578516622656,0.13875164195042608,0.2957843323244831,9.427667287462692E-5,0.17536659522974382,0.25451432403966034,0.24031929208862773,0.12315364994797767],"houseType":2,"rules":["1 room temperature_heat gt 24 after 2","0 room temperature_heat geq 0","0 room temperature_heat leq 33","1 LG_WM2016CW laundry_wash geq 45 within 4 10","0 LG_WM2016CW laundry_wash geq 0","0 LG_WM2016CW laundry_wash leq 60"]},"h9":{"neighbors":["h1","h2","h3","h4","h5","h6","h7","h8","h10","h11","h12","h13"],"backgroundLoad":[0.12015356754832407,0.1516000950184583,0.10293665515807156,0.2750177317030175,0.007309524267276646,0.01361514533843402,0.10499280094451761,0.29000737575546837,0.17335732371103194,0.18887140292653742,0.11350549220464669,0.11729339791606572],"houseType":2,"rules":["1 LG_WM2016CW laundry_wash geq 60 within 6 11","0 LG_WM2016CW laundry_wash geq 0","0 LG_WM2016CW laundry_wash leq 60","1 room temperature_heat gt 23 before 9","0 room temperature_heat geq 0","0 room temperature_heat leq 33"]}}}