{"horizon":12,"priceSchema":[0.198,0.198,0.198,0.198,0.225,0.225,0.249,0.849,0.849,0.225,0.225,0.198],"agents":{"h10":{"neighbors":["h1","h2","h3","h4","h5","h6","h7","h8","h9","h11","h12","h13","h14","h15","h16","h17","h18","h19","h20","h21"],"backgroundLoad":[0.009527571497226906,0.13659404587438878,0.06658141252779326,0.1055410305685572,0.18293068819578787,5.901614708968217E-4,0.1752263325219195,0.1476312803020048,0.004878223186397579,0.0839890189304604,0.2726514640902514,0.20162050535872036],"houseType":0,"rules":["1 room temperature_heat gt 18 at 9","0 room temperature_heat geq 0","0 room temperature_heat leq 33","1 LG_WM2016CW laundry_wash geq 45 before 9","0 LG_WM2016CW laundry_wash geq 0","0 LG_WM2016CW laundry_wash leq 60"]},"h21":{"neighbors":["h1","h2","h3","h4","h5","h6","h7","h8","h9","h10","h11","h12","h13","h14","h15","h16","h17","h18","h19","h20"],"backgroundLoad":[0.08484901448419585,0.20747907409467042,0.10778342200097593,0.20137810621616165,0.11221899344632895,0.22579898758788872,0.16467798405840142,0.006025685703280092,0.05902744968686365,0.09416903505049462,0.16171651324737388,0.275651150789236],"houseType":0,"rules":["1 LG_WM2016CW laundry_wash geq 60 at 5","0 LG_WM2016CW laundry_wash geq 0","0 LG_WM2016CW laundry_wash leq 60","1 room temperature_heat gt 18 at 8","0 room temperature_heat geq 0","0 room temperature_heat leq 33"]},"h20":{"neighbors":["h1","h2","h3","h4","h5","h6","h7","h8","h9","h10","h11","h12","h13","h14","h15","h16","h17","h18","h19","h21"],"backgroundLoad":[0.263428861775327,0.14092760606943452,0.18987600162884016,0.01706351791238245,0.05979403487384761,0.27137100687894844,0.011637756400246668,0.2614499781959129,0.27011290857281933,0.013977432754164942,0.15161708655627665,0.18467719408484146],"houseType":0,"rules":["1 room temperature_heat geq 22 before 6","0 room temperature_heat geq 0","0 room temperature_heat leq 33","1 LG_WM2016CW laundry_wash geq 60 at 6","0 LG_WM2016CW laundry_wash geq 0","0 LG_WM2016CW laundry_wash leq 60"]},"h12":{"neighbors":["h1","h2","h3","h4","h5","h6","h7","h8","h9","h10","h11","h13","h14","h15","h16","h17","h18","h19","h20","h21"],"backgroundLoad":[0.07612871379119275,0.10228105471056248,0.08159573986418825,0.28337551301880176,0.22899949559278804,0.07064764422611011,0.15794135086439795,0.041393399057540005,0.24920752143912966,0.02691741731804863,0.08967188249407873,0.19856086444461388],"houseType":0,"rules":["1 LG_WM2016CW laundry_wash geq 60 at 3","0 LG_WM2016CW laundry_wash geq 0","0 LG_WM2016CW laundry_wash leq 60","1 room temperature_heat gt 24 at 5","0 room temperature_heat geq 0","0 room temperature_heat leq 33"]},"h1":{"neighbors":["h2","h3","h4","h5","h6","h7","h8","h9","h10","h11","h12","h13","h14","h15","h16","h17","h18","h19","h20","h21"],"backgroundLoad":[0.12259879394199748,0.14129626304796916,0.26255398373319155,0.28978859892291087,0.08497811513750682,0.16919456206513728,0.05184419812254668,0.18079043703593942,0.14288012233451572,0.22553163282341587,0.03175027277899679,0.021335862593636366],"houseType":0,"rules":["1 LG_WM2016CW laundry_wash geq 45 at 7","0 LG_WM2016CW laundry_wash geq 0","0 LG_WM2016CW laundry_wash leq 60","1 room temperature_heat geq 19 after 1","0 room temperature_heat geq 0","0 room temperature_heat leq 33"]},"h11":{"neighbors":["h1","h2","h3","h4","h5","h6","h7","h8","h9","h10","h12","h13","h14","h15","h16","h17","h18","h19","h20","h21"],"backgroundLoad":[0.20272995769154828,0.005585802306491827,0.1954939995121547,0.2712568530698634,0.070900275429485,0.27299152895204815,0.1324597690041334,0.15536794180547486,0.17022604877745912,0.2620051854161444,0.1482115145241427,0.1789114929653411],"houseType":0,"rules":["1 room temperature_heat gt 24 within 6 11","0 room temperature_heat geq 0","0 room temperature_heat leq 33","1 LG_WM2016CW laundry_wash geq 45 before 6","0 LG_WM2016CW laundry_wash geq 0","0 LG_WM2016CW laundry_wash leq 60"]},"h2":{"neighbors":["h1","h3","h4","h5","h6","h7","h8","h9","h10","h11","h12","h13","h14","h15","h16","h17","h18","h19","h20","h21"],"backgroundLoad":[0.14926632184376,0.06376549538335194,0.16065567639850817,0.21947167046363691,0.1180466998284112,0.10340440033547187,0.21688797904254498,0.06966595277613648,0.019770496324351804,0.20836044884226368,0.07100596909218307,0.24366349025786369],"houseType":0,"rules":["1 room temperature_heat geq 21 before 8","0 room temperature_heat geq 0","0 room temperature_heat leq 33","1 LG_WM2016CW laundry_wash geq 60 after 6","0 LG_WM2016CW laundry_wash geq 0","0 LG_WM2016CW laundry_wash leq 60"]},"h14":{"neighbors":["h1","h2","h3","h4","h5","h6","h7","h8","h9","h10","h11","h12","h13","h15","h16","h17","h18","h19","h20","h21"],"backgroundLoad":[0.20569235264371302,0.18807715317772644,0.28222619919307473,0.08751196715251637,0.17980933618223924,0.20809299216634894,0.24189840056555947,0.08763048135733623,0.12338233492889339,0.18602015536404484,0.10275022768155702,0.12212554833506592],"houseType":1,"rules":["1 room temperature_heat gt 23 at 7","0 room temperature_heat geq 0","0 room temperature_heat leq 33","1 LG_WM2016CW laundry_wash geq 45 at 10","0 LG_WM2016CW laundry_wash geq 0","0 LG_WM2016CW laundry_wash leq 60"]},"h3":{"neighbors":["h1","h2","h4","h5","h6","h7","h8","h9","h10","h11","h12","h13","h14","h15","h16","h17","h18","h19","h20","h21"],"backgroundLoad":[0.23562634789046263,0.2661280801712885,0.11074360848475366,0.205117040644348,0.2533313216417927,0.19756317968900255,0.287918851393665,0.10848760152139232,0.2755181289401593,0.24537895646759042,0.07669534368651133,0.24964016735452918],"houseType":1,"rules":["1 room temperature_heat gt 23 before 8","0 room temperature_heat geq 0","0 room temperature_heat leq 33","1 LG_WM2016CW laundry_wash geq 45 after 4","0 LG_WM2016CW laundry_wash geq 0","0 LG_WM2016CW laundry_wash leq 60"]},"h13":{"neighbors":["h1","h2","h3","h4","h5","h6","h7","h8","h9","h10","h11","h12","h14","h15","h16","h17","h18","h19","h20","h21"],"backgroundLoad":[0.07186899987463212,0.08086040064410412,0.20897228713898333,0.17015041527101504,0.07802980493734664,0.01344606653377055,0.005298049042340824,0.14810481024118147,0.02844359484549268,0.2269738961218212,0.0026904360807255335,0.03899262878352876],"houseType":1,"rules":["1 LG_WM2016CW laundry_wash geq 45 before 4","0 LG_WM2016CW laundry_wash geq 0","0 LG_WM2016CW laundry_wash leq 60","1 room temperature_heat geq 17 after 4","0 room temperature_heat geq 0","0 room temperature_heat leq 33"]},"h4":{"neighbors":["h1","h2","h3","h5","h6","h7","h8","h9","h10","h11","h12","h13","h14","h15","h16","h17","h18","h19","h20","h21"],"backgroundLoad":[0.06556982472516822,0.28028843304934503,0.2799727360164663,0.07216070600326359,0.02018619029001679,0.1288747911805285,0.26646324626895845,0.0825744111382803,0.16000126832549624,0.04853813759729799,0.16976354433082408,0.03728948035792329],"houseType":1,"rules":["1 room temperature_heat geq 19 after 3","0 room temperature_heat geq 0","0 room temperature_heat leq 33","1 LG_WM2016CW laundry_wash geq 60 at 4","0 LG_WM2016CW laundry_wash geq 0","0 LG_WM2016CW laundry_wash leq 60"]},"h16":{"neighbors":["h1","h2","h3","h4","h5","h6","h7","h8","h9","h10","h11","h12","h13","h14","h15","h17","h18","h19","h20","h21"],"backgroundLoad":[0.12769429576837657,0.16071814564669903,0.13981703891511596,0.21248655627684754,0.02558676288222701,0.26668436017429936,0.15618879998472243,0.02793636282857388,0.1608252626953581,0.25892229099542874,0.2211694862063092,0.2988737419569123],"houseType":1,"rules":["1 room temperature_heat gt 23 before 6","0 room temperature_heat geq 0","0 room temperature_heat leq 33","1 LG_WM2016CW laundry_wash geq 60 within 3 4","0 LG_WM2016CW laundry_wash geq 0","0 LG_WM2016CW laundry_wash leq 60"]},"h5":{"neighbors":["h1","h2","h3","h4","h6","h7","h8","h9","h10","h11","h12","h13","h14","h15","h16","h17","h18","h19","h20","h21"],