{"horizon":12,"priceSchema":[0.198,0.198,0.198,0.198,0.225,0.225,0.249,0.849,0.849,0.225,0.225,0.198],"agents":{"h1":{"neighbors":["h2","h3","h4","h5","h6","h7"],"backgroundLoad":[0.14137165409925684,0.13923954787645462,0.187549652124996,0.06458108231884559,0.1336575998635789,0.1346511481355094,0.16489942592290885,0.0573404169394627,0.03231480020494567,0.2587491075037669,0.176709697094354,0.018787760536686703],"houseType":0,"rules":["1 LG_WM2016CW laundry_wash geq 45 within 7 8","0 LG_WM2016CW laundry_wash geq 0","0 LG_WM2016CW laundry_wash leq 60","1 room temperature_heat geq 20 within 5 7","0 room temperature_heat geq 0","0 room temperature_heat leq 33"]},"h2":{"neighbors":["h1","h3","h4","h5","h6","h7"],"backgroundLoad":[0.043958039752565244,0.1352667274009255,0.16181302431806607,0.19183020119885327,0.2542269371710961,0.22669573519235808,0.08653860493882894,0.2143161049465846,0.07070820062928501,0.13968745820481657,0.030774628947009407,0.16130047712757797],"houseType":0,"rules":["1 LG_WM2016CW laundry_wash geq 60 at 3","0 LG_WM2016CW laundry_wash geq 0","0 LG_WM2016CW laundry_wash leq 60","1 room temperature_heat geq 18 at 10","0 room temperature_heat geq 0","0 room temperature_heat leq 33"]},"h3":{"neighbors":["h1","h2","h4","h5","h6","h7"],"backgroundLoad":[0.20911619153057678,0.1680836014596287,0.14052893748536016,0.041473287288076775,0.24876518546570664,0.2522546897594173,0.23044016583312504,0.08576409193221975,0.2506968581264856,0.09697724016924428,0.26363496502565104,0.02532034240123887],"houseType":0,"rules":["1 LG_WM2016CW laundry_wash geq 60 before 6","0 LG_WM2016CW laundry_wash geq 0","0 LG_WM2016CW laundry_wash leq 60","1 room temperature_heat gt 20 at 11","0 room temperature_heat geq 0","0 room temperature_heat leq 33"]},"h4":{"neighbors":["h1","h2","h3","h5","h6","h7"],"backgroundLoad":[0.028149175805456148,0.039788864944355073,0.26951811950078286,0.22802666046650258,0.2871599191359897,0.09206642046244232,0.2275067680540931,0.11696990980109456,0.18249364877561056,0.20079661093242787,0.280976273252047,0.005969775277714595],"houseType":1,"rules":["1 LG_WM2016CW laundry_wash geq 45 after 4","0 LG_WM2016CW laundry_wash geq 0","0 LG_WM2016CW laundry_wash leq 60","1 room temperature_heat gt 21 within 5 9","0 room temperature_heat geq 0","0 room temperature_heat leq 33"]},"h5":{"neighbors":["h1","h2","h3","h4","h6","h7"],"backgroundLoad":[0.12184736960077597,0.2593864419878598,0.20486747801062302,0.14215210501731043,0.055236414550207814,0.08858755739779534,0.26654090205536085,0.11542398293492757,0.2671031723094745,0.08720765447763938,0.05551159534653592,0.06139509211772438],"houseType":1,"rules":["1 LG_WM2016CW laundry_wash geq 60 at 8","0 LG_WM2016CW laundry_wash geq 0","0 LG_WM2016CW laundry_wash leq 60","1 room temperature_heat gt 17 within 2 4","0 room temperature_heat geq 0","0 room temperature_heat leq 33"]},"h6":{"neighbors":["h1","h2","h3","h4","h5","h7"],"backgroundLoad":[0.015493628358430232,0.053792071023254125,0.09662475384561907,0.23006426318594883,0.14512178960971064,0.20437567830273665,0.11705481385535899,0.1898690970572182,0.17911487723884068,0.009415396452160463,0.22223052917622557,0.11611304698548691],"houseType":2,"rules":["1 room temperature_heat gt 19 before 11","0 room temperature_heat geq 0","0 room temperature_heat leq 33","1 LG_WM2016CW laundry_wash geq 60 at 11","0 LG_WM2016CW laundry_wash geq 0","0 LG_WM2016CW laundry_wash leq 60"]},"h7":{"neighbors":["h1","h2","h3","h4","h5","h6"],"backgroundLoad":[0.18587552785068323,0.21750761534815857,0.22725773095636914,0.20643974755359024,0.19710476212373232,0.12992150913664616,0.05509198458536794,0.19255531479892657,0.05646335061681664,0.02884802267796055,0.09008382194067138,0.29492014233180164],"houseType":2,"rules":["1 LG_WM2016CW laundry_wash geq 60 before 4","0 LG_WM2016CW laundry_wash geq 0","0 LG_WM2016CW laundry_wash leq 60","1 room temperature_heat geq 20 within 4 5","0 room temperature_heat geq 0","0 room temperature_heat leq 33"]}}}