{"horizon":12,"priceSchema":[0.198,0.198,0.198,0.198,0.225,0.225,0.249,0.849,0.849,0.225,0.225,0.198],"agents":{"h10":{"neighbors":["h1","h2","h3","h4","h5","h6","h7","h8","h9","h11","h12","h13"],"backgroundLoad":[0.05698293710613858,0.15611446387464428,0.13861677057924435,0.0657112621595466,0.2617708524860252,0.18015494028815168,0.1966874953686123,0.07488701314231745,0.08558388604004578,0.232451256557497,0.08406691286373098,0.0556728689773742],"houseType":0,"rules":["1 Kenmore_790.91312013 bake eq 60 within 5 8","0 Kenmore_790.91312013 bake geq 0","0 Kenmore_790.91312013 bake leq 60","1 Tesla_S charge gt 62 at 9","0 Tesla_S charge geq 0","0 Tesla_S charge leq 100","1 Kenmore_665.13242K900 dish_wash geq 60 before 11","0 Kenmore_665.13242K900 dish_wash geq 0","0 Kenmore_665.13242K900 dish_wash leq 60","1 water_tank water_temp gt 36 at 9","0 water_tank water_temp geq 10","0 water_tank water_temp leq 50"]},"h12":{"neighbors":["h1","h2","h3","h4","h5","h6","h7","h8","h9","h10","h11","h13"],"backgroundLoad":[0.06576020657409025,0.18597970201709005,0.005842554414187695,0.045072580179376584,0.03223865166099836,0.01148948332481796,0.21681928370539796,0.20621640889936346,0.13175243544811518,0.24186105855260626,0.0036804184836335737,0.18136997545266173],"houseType":0,"rules":["1 Kenmore_790.91312013 bake eq 75 before 9","0 Kenmore_790.91312013 bake geq 0","0 Kenmore_790.91312013 bake leq 75","1 water_tank water_temp gt 32 after 2","0 water_tank water_temp geq 10","0 water_tank water_temp leq 50","1 Kenmore_665.13242K900 dish_wash geq 45 at 6","0 Kenmore_665.13242K900 dish_wash geq 0","0 Kenmore_665.13242K900 dish_wash leq 60","1 Tesla_S charge geq 63 at 8","0 Tesla_S charge geq 0","0 Tesla_S charge leq 100"]},"h1":{"neighbors":["h2","h3","h4","h5","h6","h7","h8","h9","h10","h11","h12","h13"],"backgroundLoad":[0.20826966112502635,0.0781237154142692,0.09995656537098961,0.21948474438365578,0.24587593793096765,0.1973981787994372,0.10121915762466009,0.09005810664802823,0.2206209901004467,0.12229901140025498,0.18396829427317893,0.054668282318617575],"houseType":0,"rules":["1 water_tank water_temp geq 28 at 7","0 water_tank water_temp geq 10","0 water_tank water_temp leq 50","1 Kenmore_790.91312013 bake eq 120 after 1","0 Kenmore_790.91312013 bake geq 0","0 Kenmore_790.91312013 bake leq 120","1 Kenmore_665.13242K900 dish_wash geq 45 after 1","0 Kenmore_665.13242K900 dish_wash geq 0","0 Kenmore_665.13242K900 dish_wash leq 60","1 Tesla_S charge geq 63 at 11","0 Tesla_S charge geq 0","0 Tesla_S charge leq 100"]},"h11":{"neighbors":["h1","h2","h3","h4","h5","h6","h7","h8","h9","h10","h12","h13"],"backgroundLoad":[0.1905494594670228,0.15405310958730448,0.2265917671713872,0.008507228974590064,0.1490274978971725,0.010283460555389545,0.06947243593334874,0.18782280853047176,0.05054897271817016,0.021762721403239125,0.134888774016583,0.22979996811478662],"houseType":0,"rules":["1 Kenmore_665.13242K900 dish_wash geq 45 within 6 8","0 Kenmore_665.13242K900 dish_wash geq 0","0 Kenmore_665.13242K900 dish_wash leq 60","1 Kenmore_790.91312013 bake eq 150 after 5","0 Kenmore_790.91312013 bake geq 0","0 Kenmore_790.91312013 bake leq 150","1 Tesla_S charge geq 62 after 4","0 Tesla_S charge geq 0","0 Tesla_S charge leq 100","1 water_tank water_temp gt 32 at 5","0 water_tank water_temp geq 10","0 water_tank water_temp leq 50"]},"h2":{"neighbors":["h1","h3","h4","h5","h6","h7","h8","h9","h10","h11","h12","h13"],"backgroundLoad":[0.28671532464057675,0.13358898973172467,0.231538321628576,0.14993824987847243,0.03475461845884403,0.2184410409568155,0.1379255078033359,0.29628939032161516,0.2598243106944985,0.051602298475032615,0.01529225650809416,0.14993068067639995],"houseType":0,"rules":["1 Kenmore_790.91312013 bake eq 60 before 4","0 Kenmore_790.91312013 bake geq 0","0 Kenmore_790.91312013 bake leq 60","1 Tesla_S charge geq 60 at 11","0 Tesla_S charge geq 0","0 Tesla_S charge leq 100","1 water_tank water_temp gt 24 at 6","0 water_tank water_temp geq 10","0 water_tank water_temp leq 50","1 Kenmore_665.13242K900 dish_wash geq 60 before 8","0 Kenmore_665.13242K900 dish_wash geq 0","0 Kenmore_665.13242K900 dish_wash leq 60"]},"h3":{"neighbors":["h1","h2","h4","h5","h6","h7","h8","h9","h10","h11","h12","h13"],"backgroundLoad":[0.2582095740298601,0.15906794710092578,0.19227416392779656,0.19306786446564805,0.2040529178323459,0.2799828440317289,0.15527645616398084,0.03390795337095539,0.2592377148481446,0.19493432596032922,0.04708122708078779,0.13841412825478824],"houseType":1,"rules":["1 water_tank water_temp gt 28 after 3","0 water_tank water_temp geq 10","0 water_tank water_temp leq 50","1 Kenmore_790.91312013 bake eq 75 at 7","0 Kenmore_790.91312013 bake geq 0","0 Kenmore_790.91312013 bake leq 75","1 Tesla_S charge geq 50 at 8","0 Tesla_S charge geq 0","0 Tesla_S charge leq 100","1 Kenmore_665.13242K900 dish_wash geq 45 within 4 10","0 Kenmore_665.13242K900 dish_wash geq 0","0 Kenmore_665.13242K900 dish_wash leq 60"]},"h13":{"neighbors":["h1","h2","h3","h4","h5","h6","h7","h8","h9","h10","h11","h12"],"backgroundLoad":[0.28321659385804476,0.13417668454347062,0.08039550055923134,0.02022745881823875,0.2515137280631578,0.025325703746207583,0.026535426698223997,0.28219310704600226,0.2980562438267262,0.056916337812698975,0.27325735105153315,0.19430682283827047],"houseType":1,"rules":["1 Kenmore_790.91312013 bake eq 60 after 1","0 Kenmore_790.91312013 bake geq 0","0 Kenmore_790.91312013 bake leq 60","1 Tesla_S charge geq 57 before 10","0 Tesla_S charge geq 0","0 Tesla_S charge leq 100","1 water_tank water_temp gt 38 before 7","0 water_tank water_temp geq 10","0 water_tank water_temp leq 50","1 Kenmore_665.13242K900 dish_wash geq 45 before 4","0 Kenmore_665.13242K900 dish_wash geq 0","0 Kenmore_665.13242K900 dish_wash leq 60"]},"h4":{"neighbors":["h1","h2","h3","h5","h6","h7","h8","h9","h10","h11","h12","h13"],"backgroundLoad":[0.1934119522064145,0.21838385232714222,0.27518615647502676,0.25989611026595766,0.16108323085094478,0.2950375009908188,0.044610286679871755,0.03641698376089327,0.16504686828059253,0.12294483906963848,0.25865132049642653,0.24455080798529913],"houseType":1,"rules":["1 Kenmore_790.91312013 bake eq 150 after 2","0 Kenmore_790.91312013 bake geq 0","0 Kenmore_790.91312013 bake leq 150","1 water_tank water_temp geq 26 within 4 8","0 water_tank water_temp geq 10","0 water_tank water_temp leq 50","1 Tesla_S charge gt 52 after 1","0 Tesla_S charge geq 0","0 Tesla_S charge leq 100","1 Kenmore_665.13242K900 dish_wash geq 45 within 6 11","0 Kenmore_665.13242K900 dish_wash geq 0","0 Kenmore_665.13242K900 dish_wash leq 60"]},"h5":{"neighbors":["h1","h2","h3","h4","h6","h7","h8","h9","h10","h11","h12","h13"],"backgroundLoad":[0.07244439977421334,0.0018124383400805798,0.15102577875061787,0.08250497950842767,0.12786079951659107,0.11161384443561605,0.23809588394963044,0.1968958939567738,0.04744411036865085,0.0273419495527391,0.10781876804885265,0.2998514006759718],"houseType":1,"rules":["1 Kenmore_665.13242K900 dish_wash geq 45 before 5","0 Kenmore_665.13242K900 dish_wash geq 0","0 Kenmore_665.13242K900 dish_wash leq 60","1 Tesla_S charge gt 50 after 5","0 Tesla_S charge geq 0","0 Tesla_S charge leq 100","1 Kenmore_790.91312013 bake eq 75 within 8 9","0 Kenmore_790.91312013 bake geq 0","0 Kenmore_790.91312013 bake leq 75","1 water_tank water_temp gt 32 within 8 9","0 water_tank water_temp geq 10","0 water_tank water_temp leq 50"]},"h6":{"neighbors":["h1","h2","h3","h4","h5","h7","h8","h9","h10","h11","h12","h13"],"backgroundLoad":[0.1941022183790353,0.04805702442481595,0.2037115653313876,0.13904763240797183,0.00631945007963719,0.19032083994022594,0.27702086530245534,0.03471113958760908,0.07121368336363489,0.13416538455304006,0.09010974344512336,0.24001344924883727],"houseType":2,