{"horizon":12,"priceSchema":[0.198,0.198,0.198,0.198,0.225,0.225,0.249,0.849,0.849,0.225,0.225,0.198],"agents":{"h1":{"neighbors":["h2","h3","h4","h5","h6","h7"],"backgroundLoad":[0.17143379953893942,0.022496654471684373,0.12690013390901206,0.09214165415174631,0.20139240810945971,0.26973605308118076,0.06563189474497601,0.2510358893892471,0.26281399085395085,0.06353072882939527,0.20935663776550756,0.13188755516526665],"houseType":0,"rules":["1 water_tank water_temp gt 40 after 8","0 water_tank water_temp geq 10","0 water_tank water_temp leq 50","1 Kenmore_790.91312013 bake eq 60 after 4","0 Kenmore_790.91312013 bake geq 0","0 Kenmore_790.91312013 bake leq 60","1 Kenmore_665.13242K900 dish_wash geq 45 at 4","0 Kenmore_665.13242K900 dish_wash geq 0","0 Kenmore_665.13242K900 dish_wash leq 60","1 Tesla_S charge geq 53 after 3","0 Tesla_S charge geq 0","0 Tesla_S charge leq 100"]},"h2":{"neighbors":["h1","h3","h4","h5","h6","h7"],"backgroundLoad":[0.27872241027185485,0.12548068039639243,0.2729091644544892,0.2752453421083082,0.16274458506346012,0.07471698052591387,0.28392506540259266,0.08618900265873815,0.21208503998561157,0.10144322320723563,0.07684772462230417,0.09323679235522087],"houseType":0,"rules":["1 Tesla_S charge geq 60 before 7","0 Tesla_S charge geq 0","0 Tesla_S charge leq 100","1 Kenmore_665.13242K900 dish_wash geq 60 within 8 10","0 Kenmore_665.13242K900 dish_wash geq 0","0 Kenmore_665.13242K900 dish_wash leq 60","1 Kenmore_790.91312013 bake eq 60 after 1","0 Kenmore_790.91312013 bake geq 0","0 Kenmore_790.91312013 bake leq 60","1 water_tank water_temp geq 23 after 1","0 water_tank water_temp geq 10","0 water_tank water_temp leq 50"]},"h3":{"neighbors":["h1","h2","h4","h5","h6","h7"],"backgroundLoad":[0.1854878140365648,0.1902771846356996,0.1587051134545747,0.08154127745562723,0.18835964596980068,0.18417558906328943,0.27849073060620094,0.1720481899270738,0.14955954756685033,0.2922322972261624,0.030132963731116832,0.08885452848852247],"houseType":0,"rules":["1 Tesla_S charge gt 61 after 4","0 Tesla_S charge geq 0","0 Tesla_S charge leq 100","1 water_tank water_temp gt 16 before 11","0 water_tank water_temp geq 10","0 water_tank water_temp leq 50","1 Kenmore_665.13242K900 dish_wash geq 45 before 8","0 Kenmore_665.13242K900 dish_wash geq 0","0 Kenmore_665.13242K900 dish_wash leq 60","1 Kenmore_790.91312013 bake eq 150 at 8","0 Kenmore_790.91312013 bake geq 0","0 Kenmore_790.91312013 bake leq 150"]},"h4":{"neighbors":["h1","h2","h3","h5","h6","h7"],"backgroundLoad":[0.21807283103196104,0.003638961967316989,0.10709224457872304,0.28679668720701246,0.10807929419447643,0.21657576690150657,0.26086049620426327,0.23413012692689472,0.20796267715786054,0.28002777496476944,0.15789536165503204,0.2960183254601452],"houseType":1,"rules":["1 Kenmore_665.13242K900 dish_wash geq 60 at 3","0 Kenmore_665.13242K900 dish_wash geq 0","0 Kenmore_665.13242K900 dish_wash leq 60","1 Kenmore_790.91312013 bake eq 150 before 9","0 Kenmore_790.91312013 bake geq 0","0 Kenmore_790.91312013 bake leq 150","1 Tesla_S charge geq 64 after 1","0 Tesla_S charge geq 0","0 Tesla_S charge leq 100","1 water_tank water_temp gt 36 within 8 9","0 water_tank water_temp geq 10","0 water_tank water_temp leq 50"]},"h5":{"neighbors":["h1","h2","h3","h4","h6","h7"],"backgroundLoad":[0.19206836494214932,0.13051174661020806,0.0312442686758274,0.06972385774731228,0.1736102303924084,0.1777542682032902,0.10892385960805469,0.022482972455286264,0.10725836270678717,0.036353930228997945,0.20624992055884062,0.26493077177800023],"houseType":1,"rules":["1 Kenmore_665.13242K900 dish_wash geq 60 at 11","0 Kenmore_665.13242K900 dish_wash geq 0","0 Kenmore_665.13242K900 dish_wash leq 60","1 Tesla_S charge geq 51 at 9","0 Tesla_S charge geq 0","0 Tesla_S charge leq 100","1 Kenmore_790.91312013 bake eq 75 at 7","0 Kenmore_790.91312013 bake geq 0","0 Kenmore_790.91312013 bake leq 75","1 water_tank water_temp geq 35 after 1","0 water_tank water_temp geq 10","0 water_tank water_temp leq 50"]},"h6":{"neighbors":["h1","h2","h3","h4","h5","h7"],"backgroundLoad":[0.2397019020002164,0.1112187555590694,0.1253672380443415,0.12568615833745692,0.030165196877400623,0.02849809099845202,0.09785656198322953,0.0013428980173415205,0.23096123249539918,0.22539381249851037,0.008363926225536566,0.03641628492293967],"houseType":2,"rules":["1 Kenmore_665.13242K900 dish_wash geq 60 after 4","0 Kenmore_665.13242K900 dish_wash geq 0","0 Kenmore_665.13242K900 dish_wash leq 60","1 water_tank water_temp geq 15 before 10","0 water_tank water_temp geq 10","0 water_tank water_temp leq 50","1 Tesla_S charge geq 61 before 10","0 Tesla_S charge geq 0","0 Tesla_S charge leq 100","1 Kenmore_790.91312013 bake eq 120 at 8","0 Kenmore_790.91312013 bake geq 0","0 Kenmore_790.91312013 bake leq 120"]},"h7":{"neighbors":["h1","h2","h3","h4","h5","h6"],"backgroundLoad":[0.110424272913991,0.09718945136201021,0.11707446036202875,0.006564785216294789,0.2956853782198479,0.1838753383510165,0.16322867449742742,0.17649796759905642,0.2229670898993165,0.06833910382007176,0.060056078440799576,0.16036473176328564],"houseType":2,"rules":["1 Kenmore_790.91312013 bake eq 150 after 4","0 Kenmore_790.91312013 bake geq 0","0 Kenmore_790.91312013 bake leq 150","1 Kenmore_665.13242K900 dish_wash geq 45 within 8 10","0 Kenmore_665.13242K900 dish_wash geq 0","0 Kenmore_665.13242K900 dish_wash leq 60","1 water_tank water_temp geq 28 before 4","0 water_tank water_temp geq 10","0 water_tank water_temp leq 50","1 Tesla_S charge gt 53 at 7","0 Tesla_S charge geq 0","0 Tesla_S charge leq 100"]}}}