{"horizon":12,"priceSchema":[0.198,0.198,0.198,0.198,0.225,0.225,0.249,0.849,0.849,0.225,0.225,0.198],"agents":{"h10":{"neighbors":["h1","h2","h3","h4","h5","h6","h7","h8","h9","h11","h12","h13","h14","h15","h16","h17","h18","h19","h20","h21"],"backgroundLoad":[0.29857704427006077,0.1449866458847426,0.24714016014414414,0.21069481587530392,0.008524052994107455,0.2653448975984295,0.0711430234408198,0.28073993044491985,0.28643871256321457,0.004428240445240717,0.24727415937544173,0.15948288421285187],"houseType":0,"rules":["1 GE_WSM2420D3WW laundry_dry geq 60 before 4","0 GE_WSM2420D3WW laundry_dry geq 0","0 GE_WSM2420D3WW laundry_dry leq 60","1 room cleanliness geq 56 before 7","0 room cleanliness geq 0","0 room cleanliness leq 100"]},"h21":{"neighbors":["h1","h2","h3","h4","h5","h6","h7","h8","h9","h10","h11","h12","h13","h14","h15","h16","h17","h18","h19","h20"],"backgroundLoad":[0.19039656743608704,0.29054251898706746,0.07287615108141525,0.20246327596141053,0.10891936650314456,0.25431830751435497,0.13293469594217333,0.25810953355896393,0.12320263314481844,0.272135499549615,0.2975555038254357,0.17211034956352625],"houseType":0,"rules":["1 room cleanliness geq 51 after 8","0 room cleanliness geq 0","0 room cleanliness leq 100","1 GE_WSM2420D3WW laundry_dry geq 45 before 4","0 GE_WSM2420D3WW laundry_dry geq 0","0 GE_WSM2420D3WW laundry_dry leq 60"]},"h20":{"neighbors":["h1","h2","h3","h4","h5","h6","h7","h8","h9","h10","h11","h12","h13","h14","h15","h16","h17","h18","h19","h21"],"backgroundLoad":[0.019727610998513324,0.16986409401085772,0.263037357964007,0.2770965850174076,0.26010959694158603,0.15322619525788317,0.21083403294622993,0.2670833690022919,0.07490868264325336,0.08629118644143036,0.09768436981669719,0.10118509021746487],"houseType":0,"rules":["1 GE_WSM2420D3WW laundry_dry geq 45 before 11","0 GE_WSM2420D3WW laundry_dry geq 0","0 GE_WSM2420D3WW laundry_dry leq 60","1 room cleanliness gt 69 before 10","0 room cleanliness geq 0","0 room cleanliness leq 100"]},"h12":{"neighbors":["h1","h2","h3","h4","h5","h6","h7","h8","h9","h10","h11","h13","h14","h15","h16","h17","h18","h19","h20","h21"],"backgroundLoad":[0.26451392183666045,0.09915823088241683,0.1139865294656578,0.014817484868047391,0.25850630696036464,0.2624107827543561,0.22251209119188328,0.17789574348458573,0.15878220113908206,0.07626315750863441,0.22606210761306977,0.12072408021885457],"houseType":0,"rules":["1 room cleanliness geq 65 within 7 9","0 room cleanliness geq 0","0 room cleanliness leq 100","1 GE_WSM2420D3WW laundry_dry geq 45 within 6 10","0 GE_WSM2420D3WW laundry_dry geq 0","0 GE_WSM2420D3WW laundry_dry leq 60"]},"h1":{"neighbors":["h2","h3","h4","h5","h6","h7","h8","h9","h10","h11","h12","h13","h14","h15","h16","h17","h18","h19","h20","h21"],"backgroundLoad":[0.026052417140910156,0.17454088176007887,0.16599492428968465,0.08007779642679287,0.15378238010418283,0.1760820291233209,0.2277476543100238,0.016352420565370507,0.023309497917951026,0.1966210101089308,0.1356714394249441,0.04667547049878645],"houseType":0,"rules":["1 GE_WSM2420D3WW laundry_dry geq 45 after 3","0 GE_WSM2420D3WW laundry_dry geq 0","0 GE_WSM2420D3WW laundry_dry leq 60","1 room cleanliness geq 66 within 4 5","0 room cleanliness geq 0","0 room cleanliness leq 100"]},"h11":{"neighbors":["h1","h2","h3","h4","h5","h6","h7","h8","h9","h10","h12","h13","h14","h15","h16","h17","h18","h19","h20","h21"],"backgroundLoad":[0.054032719282050314,0.17394684508466907,0.05963702306258521,0.16555252306482804,0.006557219686497084,0.1825362009000651,0.2877134064131503,0.0094413394954309,0.23048996939447608,0.295857052573355,0.17026051471262155,0.2528492208910809],"houseType":0,"rules":["1 room cleanliness gt 66 at 5","0 room cleanliness geq 0","0 room cleanliness leq 100","1 GE_WSM2420D3WW laundry_dry geq 60 before 3","0 GE_WSM2420D3WW laundry_dry geq 0","0 GE_WSM2420D3WW laundry_dry leq 60"]},"h2":{"neighbors":["h1","h3","h4","h5","h6","h7","h8","h9","h10","h11","h12","h13","h14","h15","h16","h17","h18","h19","h20","h21"],"backgroundLoad":[0.19177064061844493,0.07681045929578474,0.18378464295505284,0.14642441244008553,0.29732147603178655,0.2543870613046703,0.1417642314327578,0.18428469317754684,0.08745320229511623,0.2156799908182027,0.11559766264036742,0.24512999574429806],"houseType":0,"rules":["1 GE_WSM2420D3WW laundry_dry geq 45 after 5","0 GE_WSM2420D3WW laundry_dry geq 0","0 GE_WSM2420D3WW laundry_dry leq 60","1 room cleanliness geq 67 before 7","0 room cleanliness geq 0","0 room cleanliness leq 100"]},"h14":{"neighbors":["h1","h2","h3","h4","h5","h6","h7","h8","h9","h10","h11","h12","h13","h15","h16","h17","h18","h19","h20","h21"],"backgroundLoad":[0.03379789993036588,0.07427338184842511,0.011119030281080744,0.08685493273368347,0.09640456547713215,0.05471507581924155,0.03492506069971933,0.20142739666381987,0.12082080548738906,0.11823082705693816,0.05276562056872575,0.2494872983213339],"houseType":1,"rules":["1 room cleanliness geq 76 within 6 11","0 room cleanliness geq 0","0 room cleanliness leq 100","1 GE_WSM2420D3WW laundry_dry geq 45 at 11","0 GE_WSM2420D3WW laundry_dry geq 0","0 GE_WSM2420D3WW laundry_dry leq 60"]},"h3":{"neighbors":["h1","h2","h4","h5","h6","h7","h8","h9","h10","h11","h12","h13","h14","h15","h16","h17","h18","h19","h20","h21"],"backgroundLoad":[0.0484517929551188,0.1942739999596066,0.09486409560527166,0.07016097931061237,0.18607174337570292,0.27625791927242366,0.22322358419452795,0.004209577502317296,0.1799660905440056,0.2604652148345432,0.2985314983411923,0.25637019531323013],"houseType":1,"rules":["1 room cleanliness gt 60 after 6","0 room cleanliness geq 0","0 room cleanliness leq 100","1 GE_WSM2420D3WW laundry_dry geq 45 within 5 9","0 GE_WSM2420D3WW laundry_dry geq 0","0 GE_WSM2420D3WW laundry_dry leq 60"]},"h13":{"neighbors":["h1","h2","h3","h4","h5","h6","h7","h8","h9","h10","h11","h12","h14","h15","h16","h17","h18","h19","h20","h21"],"backgroundLoad":[0.19709199386948748,0.13359039964798688,0.09683013993358128,0.05617567349092101,0.17461082131359412,0.2026187527399233,0.12615789654519005,0.011502991653467087,0.005989496041121178,0.07100743125375193,0.2713433380256018,0.20247719374377618],"houseType":1,"rules":["1 room cleanliness gt 68 within 6 10","0 room cleanliness geq 0","0 room cleanliness leq 100","1 GE_WSM2420D3WW laundry_dry geq 45 within 4 11","0 GE_WSM2420D3WW laundry_dry geq 0","0 GE_WSM2420D3WW laundry_dry leq 60"]},"h4":{"neighbors":["h1","h2","h3","h5","h6","h7","h8","h9","h10","h11","h12","h13","h14","h15","h16","h17","h18","h19","h20","h21"],"backgroundLoad":[0.20859452489952582,0.16900976824922895,0.15859329619541315,0.02042687881262656,0.15860603855985522,0.004196551498074253,0.1550948064830659,0.2225007407318428,0.016791186433631887,0.05273761814438331,0.2731813621840779,0.19429185754474138],"houseType":1,"rules":["1 room cleanliness gt 66 after 5","0 room cleanliness geq 0","0 room cleanliness leq 100","1 GE_WSM2420D3WW laundry_dry geq 45 after 2","0 GE_WSM2420D3WW laundry_dry geq 0","0 GE_WSM2420D3WW laundry_dry leq 60"]},"h16":{"neighbors":["h1","h2","h3","h4","h5","h6","h7","h8","h9","h10","h11","h12","h13","h14","h15","h17","h18","h19","h20","h21"],"backgroundLoad":[0.11087354905208009,0.2706241742157112,0.04097061313786053,0.2905063709275647,0.2284701598758242,0.04029997664321968,0.061225064108905665,0.19438069747150213,0.050950281070018345,0.0013554475934899556,0.002808419174167487,0.11907657637433804],"houseType":1,"rules":["1 room cleanliness gt 80 after 4","0 room cleanliness geq 0","0 room cleanliness leq 100","1 GE_WSM2420D3WW laundry_dry geq 45 at 9","0 GE_WSM2420D3WW laundry_dry geq 0","0 GE_WSM2420D3WW laundry_dry leq 60"]},"h5":{"neighbors":["h1","h2","h3","h4","h6","h7","h8","h9","h10","h11","h12","h13","h14","h15","h16","h17","h18","h19","h20","h21"],