{"horizon":12,"priceSchema":[0.198,0.198,0.198,0.198,0.225,0.225,0.249,0.849,0.849,0.225,0.225,0.198],"agents":{"h10":{"neighbors":["h1","h2","h3","h4","h5","h6","h7","h8","h9","h11","h12","h13"],"backgroundLoad":[0.0860563886332933,0.14479216886415577,0.12643326000837327,0.008706452575771939,0.12046410693719184,0.018098203329085228,0.19854505116946375,0.0852634912852109,0.2458529429930083,0.09982066195688723,0.11937837238340657,0.16792114620450246],"houseType":0,"rules":["1 GE_WSM2420D3WW laundry_dry geq 60 at 4","0 GE_WSM2420D3WW laundry_dry geq 0","0 GE_WSM2420D3WW laundry_dry leq 60","1 room cleanliness gt 80 before 11","0 room cleanliness geq 0","0 room cleanliness leq 100"]},"h12":{"neighbors":["h1","h2","h3","h4","h5","h6","h7","h8","h9","h10","h11","h13"],"backgroundLoad":[0.28052994068384657,0.2963253773929197,0.29400387767565095,0.19381125582424227,0.23630059180669935,0.12655192716180244,0.20051353959233612,0.12661482227436882,0.05818705107069117,0.27762349584625534,0.024529128222831674,0.1484868346893703],"houseType":0,"rules":["1 room cleanliness geq 60 at 11","0 room cleanliness geq 0","0 room cleanliness leq 100","1 GE_WSM2420D3WW laundry_dry geq 45 at 11","0 GE_WSM2420D3WW laundry_dry geq 0","0 GE_WSM2420D3WW laundry_dry leq 60"]},"h1":{"neighbors":["h2","h3","h4","h5","h6","h7","h8","h9","h10","h11","h12","h13"],"backgroundLoad":[0.17689005990002674,0.1810777750698387,0.10509023706793509,0.05772721139029305,0.0733900446259887,0.2516668681660938,0.11191509585295624,0.1456236270128478,0.018383310913653382,0.0359843865708007,0.06831901994450824,0.06908201606494643],"houseType":0,"rules":["1 GE_WSM2420D3WW laundry_dry geq 60 within 8 11","0 GE_WSM2420D3WW laundry_dry geq 0","0 GE_WSM2420D3WW laundry_dry leq 60","1 room cleanliness gt 73 within 7 8","0 room cleanliness geq 0","0 room cleanliness leq 100"]},"h11":{"neighbors":["h1","h2","h3","h4","h5","h6","h7","h8","h9","h10","h12","h13"],"backgroundLoad":[0.09871107172027205,0.08079053620330269,0.07734235928485299,0.1842604500788763,0.0728854308748873,0.033081847450320674,0.0973275097915359,0.17370128002197918,0.16086481076497086,0.15282633266127252,0.027524926559986295,0.009237039275052839],"houseType":0,"rules":["1 GE_WSM2420D3WW laundry_dry geq 45 within 6 9","0 GE_WSM2420D3WW laundry_dry geq 0","0 GE_WSM2420D3WW laundry_dry leq 60","1 room cleanliness geq 50 after 6","0 room cleanliness geq 0","0 room cleanliness leq 100"]},"h2":{"neighbors":["h1","h3","h4","h5","h6","h7","h8","h9","h10","h11","h12","h13"],"backgroundLoad":[0.1940368589265069,0.1806597016583671,0.282718932234359,0.2964468134845067,0.0800021745075956,0.2158929324463202,0.005694552622645677,0.08881453592337345,0.007905303838662558,0.19718254081193456,6.229397292846328E-4,0.18885323992463907],"houseType":0,"rules":["1 GE_WSM2420D3WW laundry_dry geq 60 before 11","0 GE_WSM2420D3WW laundry_dry geq 0","0 GE_WSM2420D3WW laundry_dry leq 60","1 room cleanliness geq 78 after 5","0 room cleanliness geq 0","0 room cleanliness leq 100"]},"h3":{"neighbors":["h1","h2","h4","h5","h6","h7","h8","h9","h10","h11","h12","h13"],"backgroundLoad":[0.2940736311138193,0.016598444015021474,0.09454568808830831,0.22309668221044518,0.21191928361153137,0.162822071266169,0.14666502949509735,0.2512287905180706,0.13852691537623898,0.18718890592531795,0.14288200349081157,0.08762046834501101],"houseType":1,"rules":["1 GE_WSM2420D3WW laundry_dry geq 45 after 1","0 GE_WSM2420D3WW laundry_dry geq 0","0 GE_WSM2420D3WW laundry_dry leq 60","1 room cleanliness geq 50 within 8 11","0 room cleanliness geq 0","0 room cleanliness leq 100"]},"h13":{"neighbors":["h1","h2","h3","h4","h5","h6","h7","h8","h9","h10","h11","h12"],"backgroundLoad":[0.13615958711347112,0.12960201946846692,0.18581335061940804,0.24546522702742046,0.12322229235673454,0.12563465045693795,0.02112517623830019,0.09791236187317368,0.2527626117545959,0.17404383223737752,0.25484798426406197,0.07142196053517376],"houseType":1,"rules":["1 GE_WSM2420D3WW laundry_dry geq 60 before 7","0 GE_WSM2420D3WW laundry_dry geq 0","0 GE_WSM2420D3WW laundry_dry leq 60","1 room cleanliness gt 57 at 9","0 room cleanliness geq 0","0 room cleanliness leq 100"]},"h4":{"neighbors":["h1","h2","h3","h5","h6","h7","h8","h9","h10","h11","h12","h13"],"backgroundLoad":[0.05503182422191609,0.2335267902609785,0.06581817610355767,0.03623584101457672,0.025260663506959557,0.1962067969510348,0.18334996166340145,0.2638879930788861,0.005839880044913493,0.03525273612117341,0.09618683084680979,0.0871642779865518],"houseType":1,"rules":["1 GE_WSM2420D3WW laundry_dry geq 60 within 8 11","0 GE_WSM2420D3WW laundry_dry geq 0","0 GE_WSM2420D3WW laundry_dry leq 60","1 room cleanliness geq 62 after 6","0 room cleanliness geq 0","0 room cleanliness leq 100"]},"h5":{"neighbors":["h1","h2","h3","h4","h6","h7","h8","h9","h10","h11","h12","h13"],"backgroundLoad":[0.2445837620982667,0.16914821129859842,0.025098183171168385,0.29563885656054456,0.26793475050555005,0.12490521209471701,0.06566995562802654,0.05043403694935301,0.012377263624520162,0.08434337631632635,0.024410654986381574,0.15823550271276562],"houseType":1,"rules":["1 room cleanliness gt 70 after 4","0 room cleanliness geq 0","0 room cleanliness leq 100","1 GE_WSM2420D3WW laundry_dry geq 45 within 7 11","0 GE_WSM2420D3WW laundry_dry geq 0","0 GE_WSM2420D3WW laundry_dry leq 60"]},"h6":{"neighbors":["h1","h2","h3","h4","h5","h7","h8","h9","h10","h11","h12","h13"],"backgroundLoad":[0.03169171767943319,0.1533444793291487,0.20261591571284182,0.0767131977333799,0.008775315227471192,0.15301317193692154,0.1478279457498479,0.11077929121609685,0.026426162837921974,0.1593513600320179,0.2042753631313489,0.25245361339453626],"houseType":2,"rules":["1 room cleanliness geq 52 at 11","0 room cleanliness geq 0","0 room cleanliness leq 100","1 GE_WSM2420D3WW laundry_dry geq 60 within 4 6","0 GE_WSM2420D3WW laundry_dry geq 0","0 GE_WSM2420D3WW laundry_dry leq 60"]},"h7":{"neighbors":["h1","h2","h3","h4","h5","h6","h8","h9","h10","h11","h12","h13"],"backgroundLoad":[0.1130264460157967,0.09973423798455495,0.03225846065923572,0.14123185891593798,0.21342405805509565,0.09438557238841883,0.11448948087665253,0.07250851957503598,0.21107796629698047,0.21754919863713762,0.0423217472742363,0.023616902991872545],"houseType":2,"rules":["1 GE_WSM2420D3WW laundry_dry geq 60 within 6 7","0 GE_WSM2420D3WW laundry_dry geq 0","0 GE_WSM2420D3WW laundry_dry leq 60","1 room cleanliness geq 65 within 9 10","0 room cleanliness geq 0","0 room cleanliness leq 100"]},"h8":{"neighbors":["h1","h2","h3","h4","h5","h6","h7","h9","h10","h11","h12","h13"],"backgroundLoad":[0.10409845071611958,0.2419045524197687,0.18739976841212477,0.10813805448718117,0.01698342434840003,0.09062665708394833,0.039041718961438286,0.17975476265162427,0.004628924664251776,0.07332157194986656,0.021971572145209194,0.16651373792731386],"houseType":2,"rules":["1 room cleanliness geq 68 within 10 11","0 room cleanliness geq 0","0 room cleanliness leq 100","1 GE_WSM2420D3WW laundry_dry geq 60 after 6","0 GE_WSM2420D3WW laundry_dry geq 0","0 GE_WSM2420D3WW laundry_dry leq 60"]},"h9":{"neighbors":["h1","h2","h3","h4","h5","h6","h7","h8","h10","h11","h12","h13"],"backgroundLoad":[0.18573271957965795,0.05631501311877452,0.053124704970472336,0.011495941369949225,0.02860596913843748,0.24167508018914752,0.09610109204043349,0.05901319004256393,0.26932883469305935,0.14918807160365777,0.13492789728487903,0.016160315333173424],"houseType":2,"rules":["1 room cleanliness geq 50 within 9 10","0 room cleanliness geq 0","0 room cleanliness leq 100","1 GE_WSM2420D3WW laundry_dry geq 45 within 7 11","0 GE_WSM2420D3WW laundry_dry geq 0","0 GE_WSM2420D3WW laundry_dry leq 60"]}}}